"Symbol","Series","Date","Prev Close","Open Price","High Price","Low Price","Last Price","Close Price","Average Price","Total Traded Quantity","Turnover","No. of Trades","Deliverable Qty","% Dly Qt to Traded Qty"
"SBIN","EQ","01-Mar-2019","        269.05","        270.55","        274.60","        270.10","        272.85","        272.95","        272.87","   20024726","          5464233269.50","     103387","    9418388","         47.03"
"SBIN","EQ","05-Mar-2019","        272.95","        271.70","        277.85","        271.20","        275.95","        276.45","        275.82","   21533972","          5939426809.20","     181828","   10043398","         46.64"
"SBIN","EQ","06-Mar-2019","        276.45","        277.30","        282.55","        276.45","        278.10","        278.10","        279.31","   22161376","          6189988985.50","     135192","    7973857","         35.98"
"SBIN","EQ","07-Mar-2019","        278.10","        279.45","        282.50","        277.65","        281.95","        281.75","        280.16","   14899105","          4174201073.45","     100561","    3618586","         24.29"
"SBIN","EQ","08-Mar-2019","        281.75","        281.85","        284.25","        279.60","        281.50","        281.20","        282.38","   19943319","          5631654413.05","     132214","    7142794","         35.82"
"SBIN","EQ","11-Mar-2019","        281.20","        285.30","        289.00","        283.50","        286.95","        287.35","        287.26","   22931245","          6587152217.70","     133900","    9195175","         40.10"
"SBIN","EQ","12-Mar-2019","        287.35","        289.20","        289.90","        285.75","        287.30","        286.90","        287.68","   20828136","          5991831530.15","     152809","    9436728","         45.31"
"SBIN","EQ","13-Mar-2019","        286.90","        288.10","        294.40","        284.70","        293.85","        293.15","        288.93","   23725641","          6855125625.05","     129887","    9798889","         41.30"
"SBIN","EQ","14-Mar-2019","        293.15","        294.50","        294.70","        290.75","        292.10","        291.90","        292.34","   16164017","          4725414640.05","     121789","    5575090","         34.49"
"SBIN","EQ","15-Mar-2019","        291.90","        292.60","        301.30","        292.50","        297.80","        298.40","        298.17","   37928480","         11309110533.60","     195292","   16567446","         43.68"
"SBIN","EQ","18-Mar-2019","        298.40","        298.90","        300.90","        294.65","        299.30","        298.95","        297.45","   23782967","          7074133423.80","     135389","    5501452","         23.13"
"SBIN","EQ","19-Mar-2019","        298.95","        300.15","        306.60","        299.15","        302.75","        303.05","        303.41","   27218691","          8258345809.15","     192468","    7850534","         28.84"
"SBIN","EQ","20-Mar-2019","        303.05","        302.80","        304.65","        300.05","        304.05","        303.80","        302.61","   18820555","          5695199921.70","     129192","    6264113","         33.28"
"SBIN","EQ","22-Mar-2019","        303.80","        304.30","        306.40","        296.95","        297.90","        298.05","        302.13","   17865957","          5397823115.05","     114776","    5061026","         28.33"
"SBIN","EQ","25-Mar-2019","        298.05","        294.00","        295.45","        292.20","        293.95","        294.00","        293.78","   16895511","          4963634134.35","      82455","    7061108","         41.79"
"SBIN","EQ","26-Mar-2019","        294.00","        294.75","        305.00","        294.75","        304.80","        303.50","        299.70","   18303791","          5485556948.20","     106963","    5861143","         32.02"
"SBIN","EQ","27-Mar-2019","        303.50","        305.25","        310.85","        304.35","        308.00","        308.80","        308.12","   35956450","         11078728784.15","     237634","   12470188","         34.68"
"SBIN","EQ","28-Mar-2019","        308.80","        310.10","        339.65","        309.05","        319.20","        319.00","        315.18","   63244736","         19933755213.15","     269672","   19170708","         30.31"
"SBIN","EQ","29-Mar-2019","        319.00","        321.10","        323.00","        316.25","        320.55","        320.75","        319.43","   30394717","          9709065880.85","     195107","   10145227","         33.38"
"SBIN","EQ","01-Apr-2019","        320.75","        321.80","        327.65","        321.05","        321.40","        322.75","        324.12","   22372357","          7251367799.35","     152113","    5761078","         25.75"
"SBIN","EQ","02-Apr-2019","        322.75","        323.65","        331.00","        322.10","        330.90","        329.00","        327.03","   27897583","          9123416379.00","     190698","    9159638","         32.83"
"SBIN","EQ","03-Apr-2019","        329.00","        331.00","        332.45","        319.50","        321.10","        320.50","        326.00","   30552104","          9959892558.10","     190240","    9418960","         30.83"
"SBIN","EQ","04-Apr-2019","        320.50","        321.50","        325.75","        318.30","        322.30","        321.80","        321.68","   27832294","          8953012535.75","     198067","    7319014","         26.30"
"SBIN","EQ","05-Apr-2019","        321.80","        323.70","        323.70","        315.00","        317.70","        317.05","        317.84","   23117232","          7347579599.95","     155709","    8317904","         35.98"
"SBIN","EQ","08-Apr-2019","        317.05","        318.25","        319.25","        311.10","        312.75","        312.80","        314.81","   17394139","          5475884001.90","     133027","    3987315","         22.92"
"SBIN","EQ","09-Apr-2019","        312.80","        313.95","        315.70","        308.10","        314.60","        314.75","        311.80","   25556039","          7968385312.10","     183556","    8048835","         31.49"
"SBIN","EQ","10-Apr-2019","        314.75","        314.85","        317.05","        310.00","        310.70","        310.90","        313.54","   19237974","          6031855790.25","     141121","    4923579","         25.59"
"SBIN","EQ","11-Apr-2019","        310.90","        311.00","        315.40","        308.70","        315.40","        314.90","        312.15","   14897935","          4650359814.40","     128498","    2869361","         19.26"
"SBIN","EQ","12-Apr-2019","        314.90","        314.60","        316.40","        311.20","        314.50","        315.25","        313.85","   14751964","          4629839174.65","      93648","    3357532","         22.76"
"SBIN","EQ","15-Apr-2019","        315.25","        315.50","        318.70","        313.75","        315.90","        315.60","        316.65","   13864791","          4390314052.15","      90118","    2791989","         20.14"
"SBIN","EQ","16-Apr-2019","        315.60","        316.60","        319.40","        314.70","        315.65","        315.75","        316.80","   14940726","          4733230521.50","     121950","    5033662","         33.69"
"SBIN","EQ","18-Apr-2019","        315.75","        315.80","        315.80","        308.05","        310.20","        310.80","        310.88","   15691168","          4878068515.60","     104414","    3388119","         21.59"
"SBIN","EQ","22-Apr-2019","        310.80","        308.80","        312.30","        306.35","        309.90","        310.05","        309.37","   15665440","          4846406250.65","     122903","    5244133","         33.48"
"SBIN","EQ","23-Apr-2019","        310.05","        310.05","        313.75","        304.60","        305.45","        305.25","        309.75","   17324274","          5366272066.85","     154431","    5248149","         30.29"
"SBIN","EQ","24-Apr-2019","        305.25","        305.85","        311.95","        303.60","        310.75","        310.75","        306.84","   15228591","          4672690328.65","     100240","    3298193","         21.66"
"SBIN","EQ","25-Apr-2019","        310.75","        311.00","        312.00","        305.40","        306.50","        306.20","        307.60","   30842477","          9487109728.00","     112779","   19895931","         64.51"
"SBIN","EQ","26-Apr-2019","        306.20","        306.90","        313.50","        306.60","        311.90","        312.50","        310.08","   14987906","          4647450577.60","     101049","    5049902","         33.69"
"SBIN","EQ","30-Apr-2019","        312.50","        312.00","        312.00","        305.00","        311.35","        309.95","        308.00","   18178758","          5599146348.35","     119413","    5852695","         32.20"
"SBIN","EQ","02-May-2019","        309.95","        308.05","        311.40","        305.65","        307.90","        308.15","        308.36","   16640100","          5131073102.00","     115380","    3938300","         23.67"
"SBIN","EQ","03-May-2019","        308.15","        309.00","        311.80","        308.80","        309.70","        310.00","        310.33","   12452689","          3864468187.25","     128941","    3818789","         30.67"
"SBIN","EQ","06-May-2019","        310.00","        306.80","        310.30","        305.90","        308.60","        308.75","        308.38","   10639216","          3280893746.90","      75642","    2793193","         26.25"
"SBIN","EQ","07-May-2019","        308.75","        310.70","        313.40","        303.75","        305.20","        305.45","        310.07","   15219845","          4719206887.20","     112752","    4406362","         28.95"
"SBIN","EQ","08-May-2019","        305.45","        303.95","        305.30","        296.75","        298.45","        298.25","        301.51","   22103678","          6664560410.90","     125035","    7179988","         32.48"
"SBIN","EQ","09-May-2019","        298.25","        297.60","        301.00","        296.10","        299.70","        299.30","        299.03","   12654440","          3784084633.35","      91232","    2159173","         17.06"
"SBIN","EQ","10-May-2019","        299.30","        301.80","        310.75","        292.45","        306.90","        308.05","        303.16","   60739833","         18413728917.15","     340871","    9275689","         15.27"
"SBIN","EQ","13-May-2019","        308.05","        310.00","        314.20","        305.30","        307.95","        306.90","        310.31","   40101505","         12443874195.70","     215347","    9927698","         24.76"
"SBIN","EQ","14-May-2019","        306.90","        307.85","        316.75","        305.10","        316.00","        314.65","        310.56","   30521436","          9478792328.05","     175034","    7812245","         25.60"
"SBIN","EQ","15-May-2019","        314.65","        316.20","        317.90","        311.00","        311.60","        312.10","        314.87","   27932459","          8795174941.35","     181665","   10530913","         37.70"
"SBIN","EQ","16-May-2019","        312.10","        312.50","        317.10","        309.55","        316.30","        315.75","        312.43","   18147559","          5669779711.05","     135546","    5621208","         30.98"
"SBIN","EQ","17-May-2019","        315.75","        315.65","        321.95","        313.45","        321.00","        319.25","        316.78","   25838962","          8185256262.75","     157357","   10270215","         39.75"
"SBIN","EQ","20-May-2019","        319.25","        332.00","        345.80","        331.00","        345.80","        344.70","        340.61","   53207071","         18122778180.85","     376151","   22555623","         42.39"
"SBIN","EQ","21-May-2019","        344.70","        345.90","        347.55","        336.25","        336.95","        337.55","        340.45","   33457162","         11390488857.70","     215071","   10993776","         32.86"
"SBIN","EQ","22-May-2019","        337.55","        338.90","        342.60","        333.55","        342.50","        341.10","        337.36","   32002499","         10796304675.45","     213367","   12005919","         37.52"
"SBIN","EQ","23-May-2019","        341.10","        353.00","        364.00","        339.20","        342.20","        342.20","        353.76","   74413322","         26324688598.75","     419507","   20757979","         27.90"
"SBIN","EQ","24-May-2019","        342.20","        344.95","        357.00","        343.50","        356.00","        355.35","        350.43","   35703403","         12511417093.70","     240382","    8522715","         23.87"
"SBIN","EQ","27-May-2019","        355.35","        355.05","        362.50","        354.00","        360.30","        361.70","        359.78","   31374994","         11288163856.85","     178782","   12011396","         38.28"
"SBIN","EQ","28-May-2019","        361.70","        360.95","        361.70","        356.65","        360.25","        360.05","        359.28","   23501608","          8443650447.35","     192541","    8838209","         37.61"
"SBIN","EQ","29-May-2019","        360.05","        358.00","        359.00","        347.15","        348.20","        348.65","        350.64","   28370210","          9947700967.50","     245443","   11263412","         39.70"
"SBIN","EQ","30-May-2019","        348.65","        349.75","        355.00","        347.50","        354.00","        353.55","        351.39","   25712604","          9035050423.20","     162870","    9899232","         38.50"
"SBIN","EQ","31-May-2019","        353.55","        354.35","        357.90","        344.65","        352.50","        352.50","        352.59","   32588069","         11490203925.55","     207738","    9433605","         28.95"
"SBIN","EQ","03-Jun-2019","        352.50","        352.35","        356.45","        349.65","        355.75","        355.45","        352.68","   18380919","          6482533760.15","     138767","    5666775","         30.83"
"SBIN","EQ","04-Jun-2019","        355.45","        354.00","        357.20","        351.40","        352.80","        352.40","        354.08","   18130636","          6419676332.75","     153710","    5579762","         30.78"
"SBIN","EQ","06-Jun-2019","        352.40","        349.00","        349.60","        335.90","        336.30","        336.90","        342.86","   41941144","         14379836082.85","     273785","   18410859","         43.90"
"SBIN","EQ","07-Jun-2019","        336.90","        337.00","        342.75","        336.00","        342.20","        342.05","        339.42","   29739710","         10094126130.10","     177067","    7095608","         23.86"
"SBIN","EQ","10-Jun-2019","        342.05","        346.00","        347.30","        340.15","        344.95","        344.30","        343.46","   20500542","          7041068195.80","     133422","    4963935","         24.21"
"SBIN","EQ","11-Jun-2019","        344.30","        345.05","        348.30","        342.85","        347.85","        347.10","        345.60","   16281297","          5626799692.40","     110995","    3869876","         23.77"
"SBIN","EQ","12-Jun-2019","        347.10","        346.95","        346.95","        342.30","        345.40","        344.00","        344.09","   11564970","          3979351809.30","      87606","    2783733","         24.07"
"SBIN","EQ","13-Jun-2019","        344.00","        343.00","        347.45","        339.80","        346.00","        346.50","        343.63","   15509948","          5329711714.60","     101203","    2882563","         18.59"
"SBIN","EQ","14-Jun-2019","        346.50","        345.50","        346.35","        342.55","        343.50","        343.80","        344.46","   10347594","          3564381106.55","      78119","    2100690","         20.30"
"SBIN","EQ","17-Jun-2019","        343.80","        343.75","        343.75","        336.95","        338.10","        337.85","        340.23","   13779496","          4688197632.95","      88557","    4878615","         34.77"
"SBIN","EQ","18-Jun-2019","        337.85","        335.50","        344.00","        333.80","        340.80","        340.05","        338.95","   21957480","          7442519507.40","     143181","    4812132","         21.47"
"SBIN","EQ","19-Jun-2019","        340.05","        343.10","        345.20","        335.50","        338.70","        338.85","        340.29","   16416903","          5586439367.95","     111210","    4053399","         24.69"
"SBIN","EQ","20-Jun-2019","        338.85","        341.00","        346.25","        335.60","        346.00","        345.15","        340.31","   20626861","          7019550382.55","     149410","    6971196","         33.80"
"SBIN","EQ","21-Jun-2019","        345.15","        344.80","        350.70","        343.15","        349.10","        349.40","        348.05","   24749090","          8613800661.20","     153425","   11835989","         47.82"
"SBIN","EQ","24-Jun-2019","        349.40","        350.00","        354.75","        349.65","        353.10","        353.20","        352.41","   17919504","          6315079208.25","     140472","    5406620","         30.17"
"SBIN","EQ","25-Jun-2019","        353.20","        352.70","        357.00","        351.25","        356.75","        356.55","        354.17","   15922634","          5639330396.50","     108121","    5560184","         34.92"
"SBIN","EQ","26-Jun-2019","        356.55","        355.75","        359.00","        354.30","        357.40","        358.15","        357.07","   15835579","          5654425263.45","     120114","    6233218","         39.36"
"SBIN","EQ","27-Jun-2019","        358.15","        358.10","        363.00","        357.25","        362.00","        362.15","        360.79","   29658120","         10700368072.15","     168270","   13465382","         45.40"
"SBIN","EQ","28-Jun-2019","        362.15","        362.20","        365.00","        358.70","        362.80","        361.25","        362.44","   22708464","          8230515101.85","     162518","    6505964","         28.65"
"SBIN","EQ","01-Jul-2019","        361.25","        362.80","        363.00","        358.50","        361.50","        361.55","        360.59","   12348793","          4452830093.10","      86434","    3440172","         27.86"
"SBIN","EQ","02-Jul-2019","        361.55","        362.15","        365.00","        360.35","        364.25","        364.50","        362.70","   14482172","          5252756144.80","     132435","    5251353","         36.26"
"SBIN","EQ","03-Jul-2019","        364.50","        365.25","        366.70","        363.00","        366.10","        366.15","        365.23","   12626285","          4611494697.30","     100408","    3792058","         30.03"
"SBIN","EQ","04-Jul-2019","        366.15","        367.25","        370.90","        366.20","        367.60","        367.40","        368.93","   19252646","          7102789459.40","     152810","    5615387","         29.17"
"SBIN","EQ","05-Jul-2019","        367.40","        369.45","        373.60","        366.00","        369.75","        370.65","        369.99","   30019347","         11106878272.80","     188280","   10602875","         35.32"
"SBIN","EQ","08-Jul-2019","        370.65","        368.00","        368.45","        353.50","        355.90","        355.30","        357.82","   27247892","          9749751409.95","     224600","    9055343","         33.23"
"SBIN","EQ","09-Jul-2019","        355.30","        353.50","        360.00","        352.50","        359.80","        359.50","        357.38","   16579914","          5925327670.10","     114010","    3527913","         21.28"
"SBIN","EQ","10-Jul-2019","        359.50","        360.55","        361.50","        351.30","        354.70","        354.20","        355.21","   18681819","          6635920133.70","     151338","    5288534","         28.31"
"SBIN","EQ","11-Jul-2019","        354.20","        358.50","        364.00","        357.00","        363.00","        363.20","        360.31","   20048321","          7223561119.20","     133620","    8419952","         42.00"
"SBIN","EQ","12-Jul-2019","        363.20","        363.00","        366.55","        361.50","        363.30","        363.60","        363.80","   14661748","          5333916407.25","     129034","    5252040","         35.82"
"SBIN","EQ","15-Jul-2019","        363.60","        364.10","        365.00","        357.60","        360.25","        360.05","        359.93","   15665939","          5638637156.20","     109480","    7489343","         47.81"
"SBIN","EQ","16-Jul-2019","        360.05","        358.50","        366.00","        357.65","        363.95","        364.35","        363.92","   16251836","          5914336822.30","     135404","    8010810","         49.29"
"SBIN","EQ","17-Jul-2019","        364.35","        364.05","        373.55","        363.05","        373.00","        372.40","        368.61","   17545177","          6467241917.10","     145722","    6732017","         38.37"
"SBIN","EQ","18-Jul-2019","        372.40","        371.95","        373.80","        362.55","        364.30","        363.65","        368.06","   21691056","          7983513604.55","     168992","    9626705","         44.38"
"SBIN","EQ","19-Jul-2019","        363.65","        365.10","        366.05","        355.15","        357.25","        356.00","        358.73","   22213173","          7968623078.20","     164373","   11628414","         52.35"
"SBIN","EQ","22-Jul-2019","        356.00","        356.00","        359.55","        348.70","        351.10","        350.85","        353.24","   19682038","          6952525093.60","     169091","    7447024","         37.84"
"SBIN","EQ","23-Jul-2019","        350.85","        351.20","        353.00","        341.00","        342.10","        342.20","        346.05","   27956145","          9674088370.65","     205339","   14060931","         50.30"
"SBIN","EQ","24-Jul-2019","        342.20","        341.85","        344.70","        336.25","        340.05","        339.60","        340.65","   20823143","          7093505268.25","     166489","    5830927","         28.00"
"SBIN","EQ","25-Jul-2019","        339.60","        341.70","        343.20","        337.40","        341.45","        341.30","        340.48","   19857643","          6761039209.70","     155039","    6984855","         35.17"
"SBIN","EQ","26-Jul-2019","        341.30","        340.80","        346.15","        340.50","        342.80","        342.60","        343.39","   16139052","          5542067374.85","     119691","    4871189","         30.18"
"SBIN","EQ","29-Jul-2019","        342.60","        343.95","        346.55","        336.80","        343.30","        343.80","        341.70","   17060483","          5829496625.10","     162104","    5151158","         30.19"
"SBIN","EQ","30-Jul-2019","        343.80","        344.40","        346.70","        325.85","        327.35","        327.55","        335.32","   24437235","          8194341418.90","     192250","    8861630","         36.26"
"SBIN","EQ","31-Jul-2019","        327.55","        325.10","        333.20","        323.90","        332.50","        332.20","        328.94","   22741445","          7480467702.95","     197157","    8670288","         38.13"
"SBIN","EQ","01-Aug-2019","        332.20","        330.80","        331.50","        311.35","        316.60","        317.15","        319.67","   40853304","         13059773180.80","     243033","   17987410","         44.03"
"SBIN","EQ","02-Aug-2019","        317.15","        315.55","        322.25","        307.05","        307.95","        308.45","        314.70","   64472348","         20289455105.40","     421871","   14255865","         22.11"
"SBIN","EQ","05-Aug-2019","        308.45","        298.45","        302.85","        291.70","        299.80","        300.25","        297.37","   48815899","         14516190895.55","     375572","   14780786","         30.28"
"SBIN","EQ","06-Aug-2019","        300.25","        298.80","        304.25","        297.25","        301.40","        301.40","        301.27","   30442970","          9171462944.30","     230966","    8819176","         28.97"
"SBIN","EQ","07-Aug-2019","        301.40","        302.40","        302.45","        288.80","        289.05","        289.90","        295.80","   30820114","          9116661873.50","     232244","    9329452","         30.27"
"SBIN","EQ","08-Aug-2019","        289.90","        290.00","        295.50","        285.60","        295.20","        294.35","        290.32","   32929233","          9559948985.35","     251938","   11332747","         34.42"
"SBIN","EQ","09-Aug-2019","        294.35","        296.30","        298.00","        290.05","        291.85","        291.35","        294.37","   23377581","          6881753326.25","     176813","    5896369","         25.22"
"SBIN","EQ","13-Aug-2019","        291.35","        290.90","        291.55","        282.50","        283.00","        283.35","        287.06","   24231272","          6955786093.45","     187371","    9930136","         40.98"
"SBIN","EQ","14-Aug-2019","        283.35","        285.05","        291.25","        284.50","        289.00","        289.75","        288.44","   18523649","          5342961725.35","     161888","    5691581","         30.73"
"SBIN","EQ","16-Aug-2019","        289.75","        287.95","        292.80","        284.30","        290.30","        290.90","        288.71","   20047399","          5787837945.35","     152551","    4429625","         22.10"
"SBIN","EQ","19-Aug-2019","        290.90","        292.00","        292.40","        286.00","        286.55","        286.85","        288.64","   19831459","          5724221299.75","     168696","    6030134","         30.41"
"SBIN","EQ","20-Aug-2019","        286.85","        287.30","        287.40","        280.65","        283.85","        283.70","        283.06","   23204417","          6568227547.55","     163952","    7138137","         30.76"
"SBIN","EQ","21-Aug-2019","        283.70","        285.50","        285.60","        276.30","        276.80","        277.40","        280.52","   28226325","          7918022036.20","     179601","    8435664","         29.89"
"SBIN","EQ","22-Aug-2019","        277.40","        278.30","        278.30","        267.30","        268.00","        268.55","        272.68","   27728925","          7561178237.35","     171239","   10596841","         38.22"
"SBIN","EQ","23-Aug-2019","        268.55","        267.10","        275.25","        262.70","        271.35","        271.10","        269.82","   35212444","          9501058683.20","     225358","   12871607","         36.55"
"SBIN","EQ","26-Aug-2019","        271.10","        288.00","        288.00","        270.00","        279.55","        280.20","        277.11","   64066440","         17753747004.50","     387730","   17661121","         27.57"
"SBIN","EQ","27-Aug-2019","        280.20","        284.00","        288.00","        282.60","        285.85","        285.70","        285.13","   45164811","         12877858696.35","     323509","   18294675","         40.51"
"SBIN","EQ","28-Aug-2019","        285.70","        286.65","        286.65","        282.20","        285.40","        284.90","        284.45","   18979998","          5398942456.10","     128376","    5072283","         26.72"
"SBIN","EQ","29-Aug-2019","        284.90","        283.20","        284.30","        273.30","        275.50","        274.50","        277.91","   27083514","          7526914316.05","     196887","    7000321","         25.85"
"SBIN","EQ","30-Aug-2019","        274.50","        275.95","        277.95","        266.85","        273.40","        273.85","        271.74","   45702652","         12419446236.15","     320718","   13515784","         29.57"
"SBIN","EQ","03-Sep-2019","        273.85","        272.00","        272.00","        266.95","        268.15","        268.40","        268.86","   21241863","          5711000909.35","     174595","    6506079","         30.63"
"SBIN","EQ","04-Sep-2019","        268.40","        269.70","        275.85","        267.25","        274.80","        275.10","        272.73","   27309675","          7448253198.90","     173305","    3934204","         14.41"
"SBIN","EQ","05-Sep-2019","        275.10","        275.00","        276.35","        271.05","        273.50","        273.30","        273.54","   25085139","          6861802592.40","     152118","    6712399","         26.76"
"SBIN","EQ","06-Sep-2019","        273.30","        275.05","        277.00","        272.10","        273.50","        273.95","        274.82","   16675146","          4582664398.50","     135656","    3734402","         22.40"
"SBIN","EQ","09-Sep-2019","        273.95","        273.95","        278.70","        271.00","        277.90","        278.00","        276.53","   18616889","          5148085057.30","     136590","    4635480","         24.90"
"SBIN","EQ","11-Sep-2019","        278.00","        278.50","        285.85","        278.50","        285.20","        285.25","        283.25","   20999669","          5948164600.70","     180778","    7483710","         35.64"
"SBIN","EQ","12-Sep-2019","        285.25","        286.75","        288.80","        284.15","        285.95","        287.05","        287.03","   21964832","          6304556952.25","     160923","    6655774","         30.30"
"SBIN","EQ","13-Sep-2019","        287.05","        285.00","        292.50","        282.00","        291.90","        291.70","        286.52","   27303181","          7823035884.95","     177127","    8231491","         30.15"
"SBIN","EQ","16-Sep-2019","        291.70","        288.20","        290.45","        283.80","        284.30","        284.70","        286.90","   18267680","          5241026312.25","     168910","    4758077","         26.05"
"SBIN","EQ","17-Sep-2019","        284.70","        285.00","        286.45","        273.00","        274.15","        273.95","        279.87","   21533362","          6026537240.55","     179478","    4309474","         20.01"
"SBIN","EQ","18-Sep-2019","        273.95","        277.20","        282.95","        274.40","        280.40","        280.40","        279.19","   25478758","          7113474302.55","     184875","    4431881","         17.39"
"SBIN","EQ","19-Sep-2019","        280.40","        279.95","        279.95","        273.05","        274.50","        274.05","        276.25","   23387797","          6460886044.90","     305798","    5412507","         23.14"
"SBIN","EQ","20-Sep-2019","        274.05","        274.50","        307.65","        268.40","        301.75","        301.70","        291.60","   84481749","         24634933524.60","     458744","   23851235","         28.23"
"SBIN","EQ","23-Sep-2019","        301.70","        307.55","        316.00","        300.40","        313.70","        313.75","        309.38","   54178171","         16761790472.00","     343046","   15577273","         28.75"
"SBIN","EQ","24-Sep-2019","        313.75","        313.15","        315.15","        300.80","        301.00","        302.60","        306.89","   40096711","         12305138122.40","     295476","   10168290","         25.36"
"SBIN","EQ","25-Sep-2019","        302.60","        297.00","        297.50","        278.70","        279.30","        280.25","        286.26","   73063465","         20915021668.15","     445272","   29864976","         40.88"
"SBIN","EQ","26-Sep-2019","        280.25","        281.50","        289.90","        277.00","        282.75","        281.85","        283.31","   79005946","         22382863874.95","     422630","   19249117","         24.36"
"SBIN","EQ","27-Sep-2019","        281.85","        282.70","        286.05","        280.00","        281.00","        281.20","        282.62","   37851718","         10697839564.90","     283879","    5971009","         15.77"
"SBIN","EQ","30-Sep-2019","        281.20","        281.40","        281.85","        270.15","        271.00","        270.80","        273.33","   41094131","         11232402063.95","     274645","   12233224","         29.77"
"SBIN","EQ","01-Oct-2019","        270.80","        272.75","        275.50","        245.55","        256.25","        255.95","        261.16","   79350077","         20722795466.65","     512954","   18323071","         23.09"
"SBIN","EQ","03-Oct-2019","        255.95","        254.00","        260.70","        250.10","        255.35","        254.15","        254.98","   56207921","         14332058919.10","     414174","   15549529","         27.66"
"SBIN","EQ","04-Oct-2019","        254.15","        258.50","        260.50","        248.55","        249.65","        249.95","        254.50","   60029186","         15277611966.25","     433656","   13441755","         22.39"
"SBIN","EQ","07-Oct-2019","        249.95","        251.50","        253.40","        246.85","        249.05","        249.10","        250.25","   39160623","          9799856793.90","     286725","    7471211","         19.08"
"SBIN","EQ","09-Oct-2019","        249.10","        250.10","        262.00","        244.35","        261.80","        260.95","        253.67","   60328507","         15303389995.65","     419848","   14314803","         23.73"
"SBIN","EQ","10-Oct-2019","        260.95","        258.00","        258.00","        252.60","        254.15","        254.15","        254.67","   37577511","          9569975851.25","     235851","    7379501","         19.64"
"SBIN","EQ","11-Oct-2019","        254.15","        256.20","        261.40","        251.50","        254.65","        254.55","        256.05","   43272106","         11079683815.50","     269217","    4802874","         11.10"
"SBIN","EQ","14-Oct-2019","        254.55","        256.95","        259.40","        254.00","        255.30","        255.45","        257.29","   28265136","          7272416952.35","     179273","    4441315","         15.71"
"SBIN","EQ","15-Oct-2019","        255.45","        256.45","        259.90","        254.80","        258.50","        258.45","        257.06","   23444973","          6026737032.10","     158570","    3020988","         12.89"
"SBIN","EQ","16-Oct-2019","        258.45","        259.30","        261.95","        255.00","        255.95","        256.05","        258.26","   30892295","          7978237658.70","     208840","    5747423","         18.60"
"SBIN","EQ","17-Oct-2019","        256.05","        256.40","        266.00","        255.60","        265.30","        265.45","        261.38","   37061013","          9686892846.25","     252073","    9998027","         26.98"
"SBIN","EQ","18-Oct-2019","        265.45","        264.40","        271.35","        263.20","        269.20","        269.65","        268.50","   33203721","          8915263047.70","     203094","    9219181","         27.77"
"SBIN","EQ","22-Oct-2019","        269.65","        270.40","        275.00","        268.50","        270.35","        270.50","        272.33","   27574295","          7509443390.80","     187557","    6670825","         24.19"
"SBIN","EQ","23-Oct-2019","        270.50","        270.75","        277.80","        268.65","        275.35","        275.45","        274.85","   31789622","          8737276546.00","     209460","    5801774","         18.25"
"SBIN","EQ","24-Oct-2019","        275.45","        276.00","        277.65","        248.65","        263.05","        262.50","        266.02","   63943183","         17009984318.95","     434945","   13170984","         20.60"
"SBIN","EQ","25-Oct-2019","        262.50","        265.80","        284.15","        263.55","        282.35","        281.55","        276.42","  105518180","         29166864833.55","     598440","   15046974","         14.26"
"SBIN","EQ","27-Oct-2019","        281.55","        284.95","        284.95","        280.25","        281.30","        281.80","        282.94","   12185529","          3447723848.95","      98481","    3169728","         26.01"
"SBIN","EQ","29-Oct-2019","        281.80","        283.15","        285.00","        278.55","        280.80","        280.65","        282.21","   51033578","         14402275121.35","     272560","   16607377","         32.54"
"SBIN","EQ","30-Oct-2019","        280.65","        283.00","        291.00","        279.25","        290.40","        289.90","        286.86","   51469048","         14764266108.20","     306035","   15135958","         29.41"
"SBIN","EQ","31-Oct-2019","        289.90","        293.35","        317.80","        292.75","        312.50","        312.40","        307.08","  128449327","         39443633461.05","     656753","   38876272","         30.27"
"SBIN","EQ","01-Nov-2019","        312.40","        312.40","        315.00","        308.60","        313.60","        313.55","        312.59","   44894016","         14033199010.90","     306655","    9814076","         21.86"
"SBIN","EQ","04-Nov-2019","        313.55","        316.00","        319.00","        312.35","        314.00","        314.30","        315.60","   31535656","          9952586227.25","     222448","    7010870","         22.23"
"SBIN","EQ","05-Nov-2019","        314.30","        313.90","        322.00","        312.80","        319.00","        319.20","        318.80","   50080853","         15965706968.85","     324664","   12368370","         24.70"
"SBIN","EQ","06-Nov-2019","        319.20","        318.95","        318.95","        314.00","        317.50","        317.55","        316.95","   32157080","         10192265347.35","     201117","    6841609","         21.28"
"SBIN","EQ","07-Nov-2019","        317.55","        318.25","        323.30","        316.80","        318.05","        318.15","        319.56","   33926772","         10841795640.15","     232988","    7193517","         21.20"
"SBIN","EQ","08-Nov-2019","        318.15","        316.20","        321.00","        314.50","        316.35","        316.00","        317.47","   25423362","          8071058812.65","     175265","    4325084","         17.01"
"SBIN","EQ","11-Nov-2019","        316.00","        314.70","        319.65","        313.10","        318.85","        318.25","        316.64","   20491942","          6488611926.10","     173967","    3704529","         18.08"
"SBIN","EQ","13-Nov-2019","        318.25","        316.05","        318.60","        305.65","        306.85","        306.80","        312.08","   32675829","         10197352105.40","     243915","   10476610","         32.06"
"SBIN","EQ","14-Nov-2019","        306.80","        306.95","        309.50","        299.70","        306.25","        306.00","        304.73","   43617772","         13291632583.30","     230195","   11566432","         26.52"
"SBIN","EQ","15-Nov-2019","        306.00","        312.00","        323.70","        310.05","        322.95","        321.90","        318.93","   95199897","         30361910040.35","     508263","   18450656","         19.38"
"SBIN","EQ","18-Nov-2019","        321.90","        324.00","        329.85","        323.75","        324.95","        325.10","        326.69","   39009263","         12744126197.95","     266937","    5913084","         15.16"
"SBIN","EQ","19-Nov-2019","        325.10","        325.80","        331.80","        322.10","        331.40","        330.40","        327.40","   41372145","         13545297710.20","     225870","    9016727","         21.79"
"SBIN","EQ","20-Nov-2019","        330.40","        332.00","        332.50","        325.10","        327.80","        328.80","        328.72","   29972583","          9852581076.45","     169277","    6967728","         23.25"
"SBIN","EQ","21-Nov-2019","        328.80","        329.25","        332.85","        326.55","        331.95","        331.35","        330.65","   34116162","         11280549149.60","     220874","   10043262","         29.44"
"SBIN","EQ","22-Nov-2019","        331.35","        331.45","        333.80","        328.25","        329.35","        329.30","        330.33","   28974967","          9571164196.00","     142825","    9169623","         31.65"
"SBIN","EQ","25-Nov-2019","        329.30","        329.00","        337.50","        328.35","        336.00","        336.10","        333.83","   27561300","          9200905484.85","     174615","    5823519","         21.13"
"SBIN","EQ","26-Nov-2019","        336.10","        338.00","        340.00","        332.60","        335.40","        335.50","        337.00","   36464072","         12288430644.75","     206190","   13655457","         37.45"
"SBIN","EQ","27-Nov-2019","        335.50","        335.95","        345.55","        334.05","        345.10","        343.55","        338.92","   33971305","         11513585817.45","     208212","   11930103","         35.12"
"SBIN","EQ","28-Nov-2019","        343.55","        346.85","        351.00","        344.50","        349.10","        349.30","        348.23","   42538227","         14813293400.95","     266107","   12547979","         29.50"
"SBIN","EQ","29-Nov-2019","        349.30","        348.85","        348.85","        340.60","        342.00","        341.85","        344.22","   23081823","          7945313602.85","     182304","    7539032","         32.66"
"SBIN","EQ","02-Dec-2019","        341.85","        343.90","        344.35","        336.20","        339.50","        338.50","        339.30","   20648850","          7006117201.45","     142680","    6290290","         30.46"
"SBIN","EQ","03-Dec-2019","        338.50","        341.00","        342.95","        333.35","        336.50","        336.25","        337.90","   26482178","          8948352639.90","     180722","    5324682","         20.11"
"SBIN","EQ","04-Dec-2019","        336.25","        334.10","        342.95","        331.85","        341.50","        341.85","        337.83","   26789483","          9050174824.25","     187289","    5564581","         20.77"
"SBIN","EQ","05-Dec-2019","        341.85","        343.00","        344.60","        335.15","        336.00","        336.20","        338.88","   30429507","         10312041016.55","     217025","    5669274","         18.63"
"SBIN","EQ","06-Dec-2019","        336.20","        336.70","        337.65","        318.00","        318.20","        320.00","        325.07","   47027528","         15287224870.30","     399338","   10738207","         22.83"
"SBIN","EQ","09-Dec-2019","        320.00","        318.95","        327.65","        314.75","        317.05","        316.70","        320.65","   52435239","         16813556955.40","     346470","    8871975","         16.92"
"SBIN","EQ","10-Dec-2019","        316.70","        317.20","        322.65","        312.25","        313.20","        313.40","        317.56","   52155809","         16562756794.00","     304771","    4364614","          8.37"
"SBIN","EQ","11-Dec-2019","        313.40","        311.20","        315.75","        308.00","        311.75","        312.80","        312.23","   52557951","         16410249205.95","     303209","    9426656","         17.94"
"SBIN","EQ","12-Dec-2019","        312.80","        314.00","        322.95","        313.55","        321.45","        321.85","        317.89","   37804216","         12017627902.30","     234427","    6123592","         16.20"
"SBIN","EQ","13-Dec-2019","        321.85","        325.20","        333.45","        325.00","        333.15","        332.55","        329.84","   40955226","         13508848441.25","     252185","    8559427","         20.90"
"SBIN","EQ","16-Dec-2019","        332.55","        335.95","        337.25","        330.80","        332.30","        331.85","        333.33","   35027613","         11675699798.00","     245635","    5118983","         14.61"
"SBIN","EQ","17-Dec-2019","        331.85","        333.25","        335.75","        330.65","        333.55","        332.90","        333.79","   26734601","          8923796060.75","     184237","    6593385","         24.66"
"SBIN","EQ","18-Dec-2019","        332.90","        335.00","        335.55","        325.80","        327.20","        326.95","        328.80","   26449075","          8696405934.15","     196530","    4879210","         18.45"
"SBIN","EQ","19-Dec-2019","        326.95","        327.35","        329.60","        324.50","        328.30","        328.15","        327.19","   27516289","          9002958327.85","     171554","    5748534","         20.89"
"SBIN","EQ","20-Dec-2019","        328.15","        330.35","        339.50","        330.35","        337.25","        337.85","        336.38","   51839714","         17438059881.05","     320799","   15784974","         30.45"
"SBIN","EQ","23-Dec-2019","        337.85","        335.70","        338.85","        330.35","        332.40","        332.40","        334.27","   30150335","         10078492861.10","     176514","    8088778","         26.83"
"SBIN","EQ","24-Dec-2019","        332.40","        333.20","        334.20","        329.20","        331.95","        331.45","        331.35","   21747782","          7206207418.80","     134272","    3189916","         14.67"
"SBIN","EQ","26-Dec-2019","        331.45","        333.00","        333.45","        328.10","        330.20","        329.85","        330.09","   24616942","          8125696269.45","     139034","    4426825","         17.98"
"SBIN","EQ","27-Dec-2019","        329.85","        333.40","        338.35","        333.00","        337.20","        337.25","        336.68","   33477173","         11271063363.90","     209260","    5093786","         15.22"
"SBIN","EQ","30-Dec-2019","        337.25","        337.75","        337.85","        332.50","        334.45","        334.40","        334.47","   22775554","          7617748864.20","     133458","    3240311","         14.23"
"SBIN","EQ","31-Dec-2019","        334.40","        334.40","        336.35","        332.55","        333.80","        333.75","        334.36","   23801635","          7958254900.20","     145537","    4635729","         19.48"
"SBIN","EQ","01-Jan-2020","        333.75","        334.70","        335.95","        332.15","        335.00","        334.45","        334.03","   17379320","          5805129513.65","      99108","    1850790","         10.65"
"SBIN","EQ","02-Jan-2020","        334.45","        334.50","        339.85","        333.35","        338.80","        339.30","        336.81","   20324236","          6845341476.35","     123189","    4239894","         20.86"
"SBIN","EQ","03-Jan-2020","        339.30","        337.95","        337.95","        332.00","        334.00","        333.70","        335.08","   21853208","          7322600454.00","     139793","    6309081","         28.87"
"SBIN","EQ","06-Jan-2020","        333.70","        331.70","        331.70","        317.70","        318.40","        319.00","        322.03","   35645325","         11478824411.65","     280646","    8731362","         24.50"
"SBIN","EQ","07-Jan-2020","        319.00","        324.45","        327.00","        315.40","        317.90","        318.40","        320.38","   50966826","         16328677246.35","     310782","    9993754","         19.61"
"SBIN","EQ","08-Jan-2020","        318.40","        312.10","        321.50","        311.00","        319.35","        319.80","        315.88","   44527485","         14065253336.55","     259968","    5957208","         13.38"
"SBIN","EQ","09-Jan-2020","        319.80","        326.90","        331.40","        325.00","        330.10","        330.20","        328.58","   40348407","         13257619714.90","     255624","   10231744","         25.36"
"SBIN","EQ","10-Jan-2020","        330.20","        331.00","        337.95","        328.10","        332.45","        332.25","        333.63","   42377838","         14138619576.70","     247022","    6229098","         14.70"
"SBIN","EQ","13-Jan-2020","        332.25","        334.00","        335.45","        329.05","        330.60","        330.75","        331.73","   23615129","          7833850624.65","     156310","    4383811","         18.56"
"SBIN","EQ","14-Jan-2020","        330.75","        329.80","        331.70","        326.50","        328.10","        328.00","        328.53","   26296117","          8639035468.10","     170473","    7985361","         30.37"
"SBIN","EQ","15-Jan-2020","        328.00","        329.00","        329.20","        322.35","        324.00","        324.25","        324.30","   32625740","         10580537562.75","     243663","   13009985","         39.88"
"SBIN","EQ","16-Jan-2020","        324.25","        324.00","        326.90","        322.35","        323.10","        323.30","        324.48","   26653623","          8648658406.60","     182806","    7131955","         26.76"
"SBIN","EQ","17-Jan-2020","        323.30","        313.00","        323.50","        310.10","        318.00","        318.00","        317.90","   58396326","         18563972871.25","     290272","   21611847","         37.01"
"SBIN","EQ","20-Jan-2020","        318.00","        321.00","        321.45","        313.40","        314.00","        314.00","        315.92","   30682902","          9693233275.15","     194552","    9480868","         30.90"
"SBIN","EQ","21-Jan-2020","        314.00","        313.80","        316.95","        312.00","        313.90","        313.70","        314.33","   30591772","          9615857048.90","     195704","    8007764","         26.18"
"SBIN","EQ","22-Jan-2020","        313.70","        317.00","        317.00","        313.70","        315.65","        316.15","        315.30","   24994911","          7880972277.80","     154068","    6323683","         25.30"
"SBIN","EQ","23-Jan-2020","        316.15","        316.00","        324.80","        314.15","        323.15","        323.20","        320.25","   33293610","         10662180216.10","     227748","    7297640","         21.92"
"SBIN","EQ","24-Jan-2020","        323.20","        323.50","        327.30","        321.15","        324.30","        324.05","        325.15","   22706879","          7383247383.75","     146667","    3659434","         16.12"
"SBIN","EQ","27-Jan-2020","        324.05","        320.90","        322.00","        315.80","        316.40","        316.20","        318.82","   23309355","          7431557623.30","     148768","    4320370","         18.53"
"SBIN","EQ","28-Jan-2020","        316.20","        317.95","        320.00","        311.05","        316.40","        315.10","        316.67","   26488426","          8388015228.10","     173879","    3621852","         13.67"
"SBIN","EQ","29-Jan-2020","        315.10","        317.85","        319.70","        315.55","        316.95","        316.45","        317.75","   23914114","          7598704488.45","     143297","    3732713","         15.61"
"SBIN","EQ","30-Jan-2020","        316.45","        316.75","        316.75","        305.65","        310.00","        310.70","        311.18","   35802330","         11141017855.00","     227687","   10298428","         28.76"
"SBIN","EQ","31-Jan-2020","        310.70","        313.70","        321.70","        308.60","        318.10","        318.45","        316.25","   92656638","         29302665673.35","     457787","   16448194","         17.75"
"SBIN","EQ","01-Feb-2020","        318.45","        317.95","        322.65","        296.30","        302.80","        302.60","        313.18","   61841736","         19367383131.95","     402634","   13375904","         21.63"
"SBIN","EQ","03-Feb-2020","        302.60","        303.00","        306.85","        295.35","        298.50","        298.10","        300.62","   56060158","         16852947492.10","     340547","   11049264","         19.71"
"SBIN","EQ","04-Feb-2020","        298.10","        302.90","        307.55","        297.10","        305.90","        306.25","        303.37","   51141567","         15514679241.25","     275826","    9064427","         17.72"
"SBIN","EQ","05-Feb-2020","        306.25","        306.90","        313.65","        304.60","        311.00","        311.00","        309.09","   35014841","         10822782921.60","     193574","    5337091","         15.24"
"SBIN","EQ","06-Feb-2020","        311.00","        311.20","        323.50","        310.10","        321.05","        321.95","        318.10","   57757656","         18372962070.90","     307485","   13498509","         23.37"
"SBIN","EQ","07-Feb-2020","        321.95","        321.50","        325.00","        318.40","        319.80","        320.55","        322.00","   37126803","         11954880661.95","     206969","    6088628","         16.40"
"SBIN","EQ","10-Feb-2020","        320.55","        319.80","        322.80","        316.50","        318.50","        318.50","        318.80","   24816396","          7911407182.20","     152107","    3434171","         13.84"
"SBIN","EQ","11-Feb-2020","        318.50","        321.05","        325.80","        321.05","        324.50","        324.35","        323.44","   30188757","          9764353222.25","     203738","    7579256","         25.11"
"SBIN","EQ","12-Feb-2020","        324.35","        329.90","        329.90","        319.25","        320.40","        320.20","        323.80","   38930849","         12606002673.05","     212834","    8588134","         22.06"
"SBIN","EQ","13-Feb-2020","        320.20","        322.00","        330.95","        322.00","        327.50","        327.45","        327.78","   62516057","         20491203548.50","     345413","   18083050","         28.93"
"SBIN","EQ","14-Feb-2020","        327.45","        328.10","        331.90","        318.55","        319.90","        319.40","        324.61","   48205947","         15648251911.10","     260920","    7368129","         15.28"
"SBIN","EQ","17-Feb-2020","        319.40","        320.95","        321.15","        311.65","        314.70","        314.20","        314.88","   36950692","         11634918971.75","     244850","    6525823","         17.66"
"SBIN","EQ","18-Feb-2020","        314.20","        315.40","        319.20","        309.40","        318.05","        317.55","        313.46","   38588583","         12096037114.35","     226792","    4792239","         12.42"
"SBIN","EQ","19-Feb-2020","        317.55","        322.30","        324.00","        317.25","        320.20","        320.35","        320.20","   39846727","         12758963019.30","     229162","    8272416","         20.76"
"SBIN","EQ","20-Feb-2020","        320.35","        319.35","        329.20","        318.75","        327.90","        327.65","        325.20","   40150409","         13057090759.20","     261607","    9278148","         23.11"
"SBIN","EQ","24-Feb-2020","        327.65","        325.75","        331.30","        321.85","        322.80","        322.95","        326.73","   45273936","         14792560598.50","     268314","    9007886","         19.90"
"SBIN","EQ","25-Feb-2020","        322.95","        325.90","        328.15","        322.20","        327.75","        326.80","        325.65","   39050709","         12716959152.40","     236225","    6650100","         17.03"
"SBIN","EQ","26-Feb-2020","        326.80","        324.85","        330.80","        324.20","        328.15","        328.20","        327.58","   43915281","         14385942926.05","     237750","    8452992","         19.25"
"SBIN","EQ","27-Feb-2020","        328.20","        328.00","        330.00","        318.00","        321.65","        321.95","        322.89","   47010040","         15179291705.15","     254847","    7532367","         16.02"
"SBIN","EQ","28-Feb-2020","        321.95","        312.00","        314.65","        301.10","        304.60","        303.00","        308.09","   59705346","         18394484908.50","     332224","   13393858","         22.43"
